{
  "project_info": {
    "project_number": "971081862497",
    "firebase_url": "https://db-ngasahotak.firebaseio.com",
    "project_id": "db-ngasahotak",
    "storage_bucket": "db-ngasahotak.appspot.com"
  },
  "client": [
    {
      "client_info": {
        "mobilesdk_app_id": "1:971081862497:android:6583bfedea159307",
        "android_client_info": {
          "package_name": "com.example.obey.kuisasahotak"
        }
      },
      "oauth_client": [
        {
          "client_id": "971081862497-fomrlbtbp971tdbc3u55lcgb8stvigaq.apps.googleusercontent.com",
          "client_type": 3
        }
      ],
      "api_key": [
        {
          "current_key": "AIzaSyDfF8OOQ_k-tZpJMTc_PpscpMItmc2wBjE"
        }
      ],
      "services": {
        "analytics_service": {
          "status": 1
        },
        "appinvite_service": {
          "status": 1,
          "other_platform_oauth_client": []
        },
        "ads_service": {
          "status": 2
        }
      }
    }
  ],
  "configuration_version": "1"
}